fips,state,county,Number of Ethanol Plants,Production Capacity (mgy),Corn Grind by Ethanol Plants (mbu)
19013,IA,Black Hawk,8,1371.1,489.68
31121,NE,Merrick,10,1317.4,470.5
19069,IA,Franklin,11,1292.1,461.46
19023,IA,Butler,9,1181.1,421.82
19067,IA,Floyd,9,1181.1,421.82
19147,IA,Palo Alto,10,1169.4,417.64
19171,IA,Tama,8,1149.1,410.39
19019,IA,Buchanan,6,1147,409.64
19113,IA,Linn,6,1131.5,404.11
19187,IA,Webster,11,1128.6,403.07
19015,IA,Boone,11,1120.6,400.21
19109,IA,Kossuth,10,1099.4,392.64
19027,IA,Carroll,10,1095.6,391.29
19131,IA,Mitchell,9,1083,386.79
19033,IA,Cerro Gordo,10,1080.1,385.75
19197,IA,Wright,10,1069.1,381.82
19183,IA,Washington,6,1060.5,378.75
19081,IA,Hancock,10,1048,374.29
19079,IA,Hamilton,10,1010.7,360.96
19025,IA,Calhoun,10,1008.6,360.21
19031,IA,Cedar,5,999.5,356.96
19105,IA,Jones,5,999.5,356.96
19073,IA,Greene,10,990.6,353.79
19139,IA,Muscatine,5,989.5,353.39
31143,NE,Polk,7,985.5,351.96
27165,MN,Watonwan,9,976.4,348.71
17123,IL,Marshall,7,976,348.57
17143,IL,Peoria,7,976,348.57
17155,IL,Putnam,7,976,348.57
17175,IL,Stark,7,976,348.57
19161,IA,Sac,9,972,347.14
19037,IA,Chickasaw,7,957,341.79
19169,IA,Story,9,930.7,332.39
19083,IA,Hardin,9,927.1,331.11
31011,NE,Boone,7,925,330.36
19165,IA,Shelby,7,923,329.64
31185,NE,York,7,915.5,326.96
19141,IA,O'Brien,10,912.5,325.89
19011,IA,Benton,4,909,324.64
31001,NE,Adams,8,892.4,318.71
31093,NE,Howard,8,885.4,316.21
19063,IA,Emmet,8,879.4,314.07
17039,IL,De Witt,6,870,310.71
17011,IL,Bureau,5,869,310.36
17195,IL,Whiteside,5,868,310
31081,NE,Hamilton,8,865.4,309.07
19075,IA,Grundy,8,864.1,308.61
19189,IA,Winnebago,8,860.9,307.46
19103,IA,Johnson,4,859.5,306.96
19091,IA,Humboldt,8,858,306.43
31125,NE,Nance,6,857.5,306.25
17203,IL,Woodford,6,856,305.71
19095,IA,Iowa,4,848,302.86
19041,IA,Clay,8,847.5,302.68
31159,NE,Seward,6,845.5,301.96
19059,IA,Dickinson,8,837.4,299.07
17113,IL,McLean,6,831,296.79
31053,NE,Dodge,5,830,296.43
19035,IA,Cherokee,8,828,295.71
19151,IA,Pocahontas,8,828,295.71
19089,IA,Howard,6,825,294.64
31079,NE,Hall,8,824.4,294.43
19167,IA,Sioux,8,823,293.93
31037,NE,Colfax,5,823,293.93
31167,NE,Stanton,6,822,293.57
31035,NE,Clay,8,814.4,290.86
27013,MN,Blue Earth,7,813.9,290.68
19055,IA,Delaware,4,812,290
31141,NE,Platte,6,808,288.57
19195,IA,Worth,7,803,286.79
27047,MN,Freeborn,7,802,286.43
19155,IA,Pottawattamie,6,784,280
31039,NE,Cuming,5,783,279.64
17107,IL,Logan,6,781,278.93
17129,IL,Menard,6,781,278.93
19065,IA,Fayette,5,772,275.71
31155,NE,Saunders,4,770,275
27063,MN,Jackson,8,769.4,274.79
19021,IA,Buena Vista,7,761.5,271.96
18009,IN,Blackford,7,750,267.86
27099,MN,Mower,7,748,267.14
18001,IN,Adams,7,744,265.71
27043,MN,Faribault,7,742.9,265.32
18053,IN,Grant,7,736,262.86
19149,IA,Plymouth,8,736,262.86
31023,NE,Butler,5,736,262.86
19077,IA,Guthrie,7,735.6,262.71
19119,IA,Lyon,7,723,258.21
19129,IA,Mills,5,722,257.86
31119,NE,Madison,5,722,257.86
19017,IA,Bremer,5,719.1,256.82
19029,IA,Cass,6,709,253.21
17095,IL,Knox,7,706,252.14
17073,IL,Henry,3,670,239.29
17103,IL,Lee,3,668,238.57
19143,IA,Osceola,7,666.5,238.04
18035,IN,Delaware,6,660,235.71
18075,IN,Jay,6,660,235.71
18135,IN,Randolph,6,660,235.71
27091,MN,Martin,7,657.4,234.79
19049,IA,Dallas,7,648.6,231.64
19009,IA,Audubon,6,645.6,230.57
27015,MN,Brown,6,633.9,226.39
19193,IA,Woodbury,7,632,225.71
46061,SD,Hanson,6,623,222.5
18065,IN,Henry,6,614,219.29
19133,IA,Monona,6,612,218.57
19157,IA,Poweshiek,3,611,218.21
19093,IA,Ida,6,607,216.79
46127,SD,Union,6,605,216.07
39107,OH,Mercer,5,604,215.71
31059,NE,Fillmore,6,603.5,215.54
46027,SD,Clay,7,602,215
18069,IN,Huntington,6,600,214.29
18095,IN,Madison,6,600,214.29
18179,IN,Wells,6,596,212.86
19085,IA,Harrison,4,594,212.14
19163,IA,Scott,4,589.5,210.54
18017,IN,Cass,6,575,205.36
31019,NE,Buffalo,6,571.9,204.25
31099,NE,Kearney,6,571.9,204.25
18177,IN,Wayne,5,564,201.43
19191,IA,Winneshiek,4,559,199.64
46083,SD,Lincoln,6,558,199.29
31137,NE,Phelps,6,555.9,198.54
39011,OH,Auglaize,5,554,197.86
27033,MN,Cottonwood,6,551.4,196.93
17105,IL,Livingston,2,550,196.43
27147,MN,Steele,5,540,192.86
39021,OH,Champaign,4,540,192.86
39161,OH,Van Wert,5,540,192.86
17099,IL,LaSalle,2,538,192.14
27039,MN,Dodge,5,527,188.21
17019,IL,Champaign,2,525,187.5
17041,IL,Douglas,2,525,187.5
17147,IL,Piatt,2,525,187.5
46067,SD,Hutchinson,5,523,186.79
27079,MN,Le Sueur,4,513,183.21
19137,IA,Montgomery,4,512,182.86
18067,IN,Howard,5,510,182.14
18103,IN,Miami,5,510,182.14
18169,IN,Wabash,5,510,182.14
27133,MN,Rock,6,508,181.43
27103,MN,Nicollet,4,505.9,180.68
19003,IA,Adams,4,497,177.5
19153,IA,Polk,5,493.6,176.29
27105,MN,Nobles,6,493.5,176.25
17131,IL,Mercer,4,482.5,172.32
31077,NE,Greeley,4,481,171.79
19043,IA,Clayton,3,479,171.07
17021,IL,Christian,2,475,169.64
17115,IL,Macon,2,475,169.64
17167,IL,Sangamon,2,475,169.64
27143,MN,Sibley,4,473,168.93
46087,SD,McCook,5,473,168.93
19047,IA,Crawford,5,472,168.57
46125,SD,Turner,5,467,166.79
39109,OH,Miami,4,464,165.71
39149,OH,Shelby,4,464,165.71
19001,IA,Adair,4,462,165
46079,SD,Lake,4,461,164.64
18011,IN,Boone,4,458,163.57
46035,SD,Davison,5,458,163.57
31021,NE,Burt,3,457,163.21
31025,NE,Cass,3,457,163.21
31153,NE,Sarpy,3,457,163.21
46099,SD,Minnehaha,4,455,162.5
19087,IA,Henry,3,449.5,160.54
19115,IA,Louisa,3,449.5,160.54
17057,IL,Fulton,5,446,159.29
18049,IN,Fulton,5,445,158.93
27051,MN,Grant,6,445,158.93
27139,MN,Scott,3,445,158.93
17029,IL,Coles,2,443,158.21
31173,NE,Thurston,4,440,157.14
19127,IA,Marshall,5,439.1,156.82
19101,IA,Jefferson,3,438,156.43
31061,NE,Franklin,5,431.9,154.25
39113,OH,Montgomery,3,430,153.57
39003,OH,Allen,4,426,152.14
39063,OH,Hancock,4,426,152.14
39065,OH,Hardin,4,426,152.14
39175,OH,Wyandot,4,426,152.14
38077,ND,Richland,4,425,151.79
46115,SD,Spink,5,425,151.79
31129,NE,Nuckolls,5,420.5,150.18
18023,IN,Clinton,4,420,150
18159,IN,Tipton,4,420,150
31051,NE,Dixon,5,419,149.64
18097,IN,Marion,4,412,147.14
27131,MN,Rice,4,410,146.43
27161,MN,Waseca,4,410,146.43
17125,IL,Mason,5,406,145
17179,IL,Tazewell,5,406,145
17063,IL,Grundy,1,400,142.86
39091,OH,Logan,3,400,142.86
19175,IA,Union,3,397,141.79
27073,MN,Lac qui Parle,5,396,141.43
46097,SD,Miner,4,396,141.43
18015,IN,Carroll,4,395,141.07
18149,IN,Starke,4,395,141.07
27155,MN,Traverse,5,395,141.07
31181,NE,Webster,5,393.9,140.68
27045,MN,Fillmore,3,392,140
19145,IA,Page,4,386,137.86
39159,OH,Union,3,386,137.86
18041,IN,Fayette,3,384,137.14
18161,IN,Union,3,384,137.14
18085,IN,Kosciusko,4,380,135.71
39037,OH,Darke,3,380,135.71
48069,TX,Castro,3,380,135.71
48437,TX,Swisher,3,380,135.71
27129,MN,Renville,4,376,134.29
17139,IL,Moultrie,1,375,133.93
17173,IL,Shelby,1,375,133.93
18057,IN,Hamilton,4,374,133.57
18003,IN,Allen,4,370,132.14
31183,NE,Wheeler,4,369.5,131.96
46135,SD,Yankton,4,367,131.07
19173,IA,Taylor,3,365,130.36
19071,IA,Fremont,4,358,127.86
31055,NE,Douglas,2,357,127.5
31177,NE,Washington,2,357,127.5
27127,MN,Redwood,4,356,127.14
55027,WI,Dodge,5,356,127.14
19181,IA,Warren,4,353,126.07
17161,IL,Rock Island,3,352.5,125.89
18157,IN,Tippecanoe,3,345,123.21
18181,IN,White,3,345,123.21
39147,OH,Seneca,3,342,122.14
46025,SD,Clark,4,341,121.79
27023,MN,Chippewa,5,338,120.71
27151,MN,Swift,5,338,120.71
31043,NE,Dakota,3,335,119.64
46091,SD,Marshall,4,331.4,118.36
18099,IN,Marshall,3,330,117.86
18113,IN,Noble,3,330,117.86
31163,NE,Sherman,3,329.9,117.82
17015,IL,Carroll,3,328,117.14
38073,ND,Ransom,2,322.4,115.14
18063,IN,Hendricks,3,322,115
27019,MN,Carver,2,315,112.5
39125,OH,Paulding,3,314,112.14
27085,MN,McLeod,3,309,110.36
31003,NE,Antelope,3,309,110.36
31139,NE,Pierce,3,309,110.36
19107,IA,Keokuk,2,308,110
46077,SD,Kingsbury,3,308,110
17007,IL,Boone,3,305,108.93
17047,IL,Edwards,3,303,108.21
17185,IL,Wabash,3,303,108.21
18051,IN,Gibson,3,303,108.21
18125,IN,Pike,3,303,108.21
39049,OH,Franklin,2,302,107.86
39097,OH,Madison,2,302,107.86
38021,ND,Dickey,3,300,107.14
46013,SD,Brown,3,300,107.14
46109,SD,Roberts,3,298.4,106.57
46049,SD,Faulk,3,297,106.07
46003,SD,Aurora,3,296,105.71
46073,SD,Jerauld,3,296,105.71
46111,SD,Sanborn,3,296,105.71
18131,IN,Pulaski,3,295,105.36
55131,WI,Washington,4,295,105.36
27037,MN,Dakota,2,294,105
39023,OH,Clark,2,294,105
39057,OH,Greene,2,294,105
55025,WI,Dane,4,292,104.29
55055,WI,Jefferson,4,292,104.29
17183,IL,Vermilion,2,290,103.57
27173,MN,Yellow Medicine,4,290,103.57
39135,OH,Preble,2,290,103.57
46051,SD,Grant,3,289,103.21
27149,MN,Stevens,5,287.6,102.71
46037,SD,Day,3,286,102.14
21055,KY,Crittenden,3,284,101.43
21107,KY,Hopkins,3,284,101.43
21149,KY,McLean,3,284,101.43
21233,KY,Webster,3,284,101.43
31027,NE,Cedar,4,281,100.36
55105,WI,Rock,4,281,100.36
18183,IN,Whitley,3,280,100
55001,WI,Adams,3,274,97.86
55111,WI,Sauk,3,274,97.86
19045,IA,Clinton,3,272.5,97.32
46009,SD,Bon Homme,3,271,96.79
17187,IL,Warren,2,270,96.43
31179,NE,Wayne,3,269,96.07
39069,OH,Henry,3,264,94.29
39137,OH,Putnam,3,264,94.29
19005,IA,Allamakee,2,262,93.57
29147,MO,Nodaway,4,261,93.21
27167,MN,Wilkin,3,260,92.86
17177,IL,Stephenson,3,259,92.5
17201,IL,Winnebago,3,259,92.5
31041,NE,Custer,3,258,92.14
55053,WI,Jackson,3,255,91.07
46029,SD,Codington,2,253,90.36
46039,SD,Deuel,2,253,90.36
39033,OH,Crawford,2,252,90
39077,OH,Huron,2,252,90
39101,OH,Marion,2,252,90
48117,TX,Deaf Smith,2,250,89.29
48359,TX,Oldham,2,250,89.29
48369,TX,Parmer,2,250,89.29
48375,TX,Potter,2,250,89.29
48381,TX,Randall,2,250,89.29
46011,SD,Brookings,2,248,88.57
46023,SD,Charles Mix,3,248,88.57
46043,SD,Douglas,3,248,88.57
46057,SD,Hamlin,2,248,88.57
26149,MI,St. Joseph,2,247,88.21
31131,NE,Otoe,2,247,88.21
38003,ND,Barnes,2,245,87.5
31047,NE,Dawson,3,244,87.14
31083,NE,Harlan,4,243,86.79
27093,MN,Meeker,2,241,86.07
27171,MN,Wright,2,241,86.07
55077,WI,Marquette,3,241,86.07
55137,WI,Waushara,3,241,86.07
39171,OH,Williams,2,237,84.64
17059,IL,Gallatin,2,235,83.93
17065,IL,Hamilton,2,235,83.93
17069,IL,Hardin,2,235,83.93
17165,IL,Saline,2,235,83.93
17191,IL,Wayne,2,235,83.93
17193,IL,White,2,235,83.93
18129,IN,Posey,2,235,83.93
18147,IN,Spencer,2,235,83.93
18163,IN,Vanderburgh,2,235,83.93
18173,IN,Warrick,2,235,83.93
21059,KY,Daviess,2,235,83.93
21101,KY,Henderson,2,235,83.93
21225,KY,Union,2,235,83.93
46045,SD,Edmunds,2,232,82.86
46089,SD,McPherson,2,232,82.86
27027,MN,Clay,2,231.6,82.71
55021,WI,Columbia,3,231,82.5
18033,IN,DeKalb,2,230,82.14
18045,IN,Fountain,2,228,81.43
18107,IN,Montgomery,2,228,81.43
18121,IN,Parke,2,228,81.43
18133,IN,Putnam,2,228,81.43
18165,IN,Vermillion,2,228,81.43
55045,WI,Green,3,227,81.07
46101,SD,Moody,2,225,80.36
19039,IA,Clarke,2,222,79.29
19121,IA,Madison,2,222,79.29
19099,IA,Jasper,3,221,78.93
27011,MN,Big Stone,4,221,78.93
55101,WI,Racine,3,221,78.93
55127,WI,Walworth,3,221,78.93
55133,WI,Waukesha,3,221,78.93
17075,IL,Iroquois,2,215,76.79
20067,KS,Grant,3,214.5,76.61
20081,KS,Haskell,3,214.5,76.61
17071,IL,Henderson,2,212.5,75.89
19057,IA,Des Moines,2,212.5,75.89
39083,OH,Knox,2,212,75.71
39117,OH,Morrow,2,212,75.71
39139,OH,Richland,2,212,75.71
27101,MN,Murray,3,210,75
26015,MI,Barry,2,206,73.57
26025,MI,Calhoun,2,206,73.57
26037,MI,Clinton,2,206,73.57
26045,MI,Eaton,2,206,73.57
26065,MI,Ingham,2,206,73.57
26077,MI,Kalamazoo,2,206,73.57
31175,NE,Valley,2,206,73.57
18007,IN,Benton,2,205,73.21
18073,IN,Jasper,2,205,73.21
18171,IN,Warren,2,205,73.21
20155,KS,Reno,3,205,73.21
27083,MN,Lyon,3,205,73.21
27067,MN,Kandiyohi,3,203,72.5
55057,WI,Juneau,2,203,72.5
55081,WI,Monroe,2,203,72.5
55103,WI,Richland,2,203,72.5
55123,WI,Vernon,2,203,72.5
55141,WI,Wood,2,203,72.5
46053,SD,Gregory,2,202.5,72.32
19177,IA,Van Buren,2,201,71.79
29175,MO,Randolph,3,201,71.79
17085,IL,Jo Daviess,2,200,71.43
19097,IA,Jackson,2,200,71.43
31169,NE,Thayer,3,200,71.43
17111,IL,McHenry,2,199,71.07
17141,IL,Ogle,2,198,70.71
38081,ND,Sargent,2,193.4,69.07
31073,NE,Gosper,3,193,68.93
18039,IN,Elkhart,2,190,67.86
18087,IN,LaGrange,2,190,67.86
55039,WI,Fond du Lac,3,189,67.5
31109,NE,Lancaster,2,188,67.14
31151,NE,Saline,2,188,67.14
31085,NE,Hayes,4,187,66.79
29041,MO,Chariton,3,186.5,66.61
29089,MO,Howard,3,186.5,66.61
29115,MO,Linn,3,186.5,66.61
27109,MN,Olmsted,2,185,66.07
27157,MN,Wabasha,2,185,66.07
18059,IN,Hancock,2,184,65.71
18139,IN,Rush,2,184,65.71
18013,IN,Brown,2,182,65
18081,IN,Johnson,2,182,65
18105,IN,Monroe,2,182,65
18109,IN,Morgan,2,182,65
29025,MO,Caldwell,3,181.5,64.82
31107,NE,Knox,3,181,64.64
48189,TX,Hale,2,180.3,64.39
48279,TX,Lamb,2,180.3,64.39
48303,TX,Lubbock,2,180.3,64.39
39051,OH,Fulton,2,180,64.29
39095,OH,Lucas,2,180,64.29
39143,OH,Sandusky,2,180,64.29
39173,OH,Wood,2,180,64.29
29087,MO,Holt,4,177,63.21
39039,OH,Defiance,2,174,62.14
08095,CO,Phillips,3,170,60.71
27117,MN,Pipestone,2,170,60.71
27121,MN,Pope,3,170,60.71
55059,WI,Kenosha,2,167,59.64
18091,IN,LaPorte,2,165,58.93
18127,IN,Porter,2,165,58.93
27107,MN,Norman,1,165,58.93
31057,NE,Dundy,3,165,58.93
38017,ND,Cass,1,165,58.93
38091,ND,Steele,1,165,58.93
38097,ND,Traill,1,165,58.93
27081,MN,Lincoln,2,163,58.21
39041,OH,Delaware,1,162,57.86
31063,NE,Frontier,3,161,57.5
55079,WI,Milwaukee,2,160,57.14
55089,WI,Ozaukee,2,160,57.14
17117,IL,Macoupin,2,157,56.07
18021,IN,Clay,2,156,55.71
18055,IN,Greene,2,156,55.71
18119,IN,Owen,2,156,55.71
18153,IN,Sullivan,2,156,55.71
18167,IN,Vigo,2,156,55.71
31065,NE,Furnas,3,156,55.71
39017,OH,Butler,1,154,55
27055,MN,Houston,2,152,54.29
17053,IL,Ford,1,150,53.57
20079,KS,Harvey,2,150,53.57
20113,KS,McPherson,2,150,53.57
46015,SD,Brule,1,150,53.57
46017,SD,Buffalo,1,150,53.57
55121,WI,Trempealeau,2,149,53.21
18151,IN,Steuben,1,147,52.5
26023,MI,Branch,1,147,52.5
26059,MI,Hillsdale,1,147,52.5
26075,MI,Jackson,1,147,52.5
26091,MI,Lenawee,1,147,52.5
26093,MI,Livingston,1,147,52.5
26161,MI,Washtenaw,1,147,52.5
27041,MN,Douglas,3,146.6,52.36
38057,ND,Mercer,2,145.7,52.04
38065,ND,Oliver,2,145.7,52.04
20101,KS,Lane,3,145.5,51.96
20171,KS,Scott,3,145.5,51.96
19061,IA,Dubuque,1,140,50
26087,MI,Lapeer,2,140,50
26151,MI,Sanilac,2,140,50
31095,NE,Jefferson,2,140,50
39027,OH,Clinton,1,140,50
39045,OH,Fairfield,1,140,50
39047,OH,Fayette,1,140,50
39071,OH,Highland,1,140,50
39073,OH,Hocking,1,140,50
39129,OH,Pickaway,1,140,50
39131,OH,Pike,1,140,50
39141,OH,Ross,1,140,50
39165,OH,Warren,1,140,50
55043,WI,Grant,1,140,50
17037,IL,DeKalb,1,138,49.29
17089,IL,Kane,1,138,49.29
17093,IL,Kendall,1,138,49.29
20009,KS,Barton,2,135,48.21
20053,KS,Ellsworth,2,135,48.21
20105,KS,Lincoln,2,135,48.21
20167,KS,Russell,2,135,48.21
20185,KS,Stafford,2,135,48.21
21007,KY,Ballard,1,135,48.21
21039,KY,Carlisle,1,135,48.21
21075,KY,Fulton,1,135,48.21
21083,KY,Graves,1,135,48.21
21105,KY,Hickman,1,135,48.21
29127,MO,Marion,2,135,48.21
29133,MO,Mississippi,1,135,48.21
29137,MO,Monroe,2,135,48.21
29143,MO,New Madrid,1,135,48.21
29155,MO,Pemiscot,1,135,48.21
29205,MO,Shelby,2,135,48.21
47017,TN,Carroll,1,135,48.21
47033,TN,Crockett,1,135,48.21
47045,TN,Dyer,1,135,48.21
47053,TN,Gibson,1,135,48.21
47079,TN,Henry,1,135,48.21
47095,TN,Lake,1,135,48.21
47097,TN,Lauderdale,1,135,48.21
47131,TN,Obion,1,135,48.21
47183,TN,Weakley,1,135,48.21
55047,WI,Green Lake,2,135,48.21
55139,WI,Winnebago,2,135,48.21
29033,MO,Carroll,2,131.5,46.96
29101,MO,Johnson,2,131.5,46.96
29107,MO,Lafayette,2,131.5,46.96
29117,MO,Livingston,2,131.5,46.96
29159,MO,Pettis,2,131.5,46.96
29177,MO,Ray,2,131.5,46.96
29195,MO,Saline,2,131.5,46.96
17067,IL,Hancock,1,130,46.43
17109,IL,McDonough,1,130,46.43
19111,IA,Lee,1,130,46.43
27049,MN,Goodhue,1,130,46.43
29045,MO,Clark,1,130,46.43
48045,TX,Briscoe,1,130,46.43
48107,TX,Crosby,1,130,46.43
48153,TX,Floyd,1,130,46.43
42013,PA,Blair,1,128,45.71
42021,PA,Cambria,1,128,45.71
42023,PA,Cameron,1,128,45.71
42027,PA,Centre,1,128,45.71
42033,PA,Clearfield,1,128,45.71
42035,PA,Clinton,1,128,45.71
42047,PA,Elk,1,128,45.71
42061,PA,Huntingdon,1,128,45.71
42063,PA,Indiana,1,128,45.71
42065,PA,Jefferson,1,128,45.71
31147,NE,Richardson,3,127,45.36
29197,MO,Schuyler,2,126,45
20095,KS,Kingman,2,125,44.64
46005,SD,Beadle,2,125,44.64
46059,SD,Hand,2,125,44.64
55017,WI,Chippewa,2,122,43.57
55033,WI,Dunn,2,122,43.57
55035,WI,Eau Claire,2,122,43.57
20119,KS,Meade,1,121,43.21
20129,KS,Morton,1,121,43.21
20175,KS,Seward,1,121,43.21
20189,KS,Stevens,1,121,43.21
29005,MO,Atchison,2,121,43.21
31127,NE,Nemaha,2,121,43.21
40007,OK,Beaver,1,121,43.21
40139,OK,Texas,1,121,43.21
31071,NE,Garfield,2,120.5,43.04
31115,NE,Loup,2,120.5,43.04
08121,CO,Washington,2,120,42.86
31033,NE,Cheyenne,2,120,42.86
31105,NE,Kimball,2,120,42.86
29047,MO,Clay,2,115.5,41.25
29061,MO,Daviess,2,115.5,41.25
20023,KS,Cheyenne,2,115,41.07
08115,CO,Sedgwick,2,110,39.29
37039,NC,Cherokee,1,110,39.29
37075,NC,Graham,1,110,39.29
37173,NC,Swain,1,110,39.29
47001,TN,Anderson,1,110,39.29
47009,TN,Blount,1,110,39.29
47013,TN,Campbell,1,110,39.29
47035,TN,Cumberland,1,110,39.29
47093,TN,Knox,1,110,39.29
47105,TN,Loudon,1,110,39.29
47107,TN,McMinn,1,110,39.29
47121,TN,Meigs,1,110,39.29
47123,TN,Monroe,1,110,39.29
47129,TN,Morgan,1,110,39.29
47139,TN,Polk,1,110,39.29
47143,TN,Rhea,1,110,39.29
47145,TN,Roane,1,110,39.29
47151,TN,Scott,1,110,39.29
47155,TN,Sevier,1,110,39.29
47173,TN,Union,1,110,39.29
20039,KS,Decatur,2,109,38.93
31087,NE,Hitchcock,2,109,38.93
31145,NE,Red Willow,2,109,38.93
20153,KS,Rawlins,2,107,38.21
55097,WI,Portage,1,106,37.86
20141,KS,Osborne,2,105,37.5
20163,KS,Rooks,2,105,37.5
31029,NE,Chase,2,105,37.5
20137,KS,Norton,2,104,37.14
17017,IL,Cass,1,100,35.71
17061,IL,Greene,1,100,35.71
17135,IL,Montgomery,1,100,35.71
17137,IL,Morgan,1,100,35.71
17171,IL,Scott,1,100,35.71
18141,IN,St. Joseph,1,100,35.71
26021,MI,Berrien,1,100,35.71
26027,MI,Cass,1,100,35.71
26159,MI,Van Buren,1,100,35.71
46065,SD,Hughes,1,100,35.71
46069,SD,Hyde,1,100,35.71
46107,SD,Potter,1,100,35.71
46117,SD,Stanley,1,100,35.71
46119,SD,Sully,1,100,35.71
18071,IN,Jackson,2,99.5,35.54
55063,WI,La Crosse,1,97,34.64
18005,IN,Bartholomew,1,94,33.57
18031,IN,Decatur,1,94,33.57
18047,IN,Franklin,1,94,33.57
18079,IN,Jennings,1,94,33.57
18137,IN,Ripley,1,94,33.57
18145,IN,Shelby,1,94,33.57
20055,KS,Finney,2,93.5,33.39
20069,KS,Gray,2,93.5,33.39
20075,KS,Hamilton,2,93.5,33.39
20093,KS,Kearny,2,93.5,33.39
20203,KS,Wichita,2,93.5,33.39
19159,IA,Ringgold,1,90,32.14
27145,MN,Stearns,1,90,32.14
29227,MO,Worth,1,90,32.14
39043,OH,Erie,1,90,32.14
39123,OH,Ottawa,1,90,32.14
18093,IN,Lawrence,1,88,31.43
17149,IL,Pike,1,80,28.57
20159,KS,Rice,1,80,28.57
20169,KS,Saline,1,80,28.57
26011,MI,Arenac,1,80,28.57
26017,MI,Bay,1,80,28.57
26049,MI,Genesee,1,80,28.57
26063,MI,Huron,1,80,28.57
26145,MI,Saginaw,1,80,28.57
26157,MI,Tuscola,1,80,28.57
29007,MO,Audrain,1,80,28.57
29019,MO,Boone,1,80,28.57
29027,MO,Callaway,1,80,28.57
29113,MO,Lincoln,1,80,28.57
29139,MO,Montgomery,1,80,28.57
29163,MO,Pike,1,80,28.57
29173,MO,Ralls,1,80,28.57
29219,MO,Warren,1,80,28.57
38031,ND,Foster,1,80,28.57
38039,ND,Griggs,1,80,28.57
38045,ND,LaMoure,1,80,28.57
38093,ND,Stutsman,1,80,28.57
31101,NE,Keith,2,78,27.86
31111,NE,Lincoln,2,78,27.86
31135,NE,Perkins,2,78,27.86
20005,KS,Atchison,3,77,27.5
20013,KS,Brown,3,77,27.5
20043,KS,Doniphan,3,77,27.5
29003,MO,Andrew,3,77,27.5
29021,MO,Buchanan,3,77,27.5
38015,ND,Burleigh,1,75.7,27.04
38055,ND,McLean,1,75.7,27.04
38083,ND,Sheridan,1,75.7,27.04
19007,IA,Appanoose,1,71,25.36
19051,IA,Davis,1,71,25.36
19117,IA,Lucas,1,71,25.36
19123,IA,Mahaska,1,71,25.36
19125,IA,Marion,1,71,25.36
19135,IA,Monroe,1,71,25.36
19179,IA,Wapello,1,71,25.36
19185,IA,Wayne,1,71,25.36
06009,CA,Calaveras,1,70,25
06047,CA,Merced,1,70,25
06077,CA,San Joaquin,1,70,25
06085,CA,Santa Clara,1,70,25
06099,CA,Stanislaus,1,70,25
20015,KS,Butler,1,70,25
20115,KS,Marion,1,70,25
20173,KS,Sedgwick,1,70,25
20191,KS,Sumner,1,70,25
27163,MN,Washington,1,70,25
38025,ND,Dunn,1,70,25
38037,ND,Grant,1,70,25
38041,ND,Hettinger,1,70,25
38089,ND,Stark,1,70,25
55005,WI,Barron,1,70,25
55011,WI,Buffalo,1,70,25
55091,WI,Pepin,1,70,25
55093,WI,Pierce,1,70,25
55095,WI,Polk,1,70,25
55109,WI,St. Croix,1,70,25
17023,IL,Clark,1,68,24.29
17025,IL,Clay,1,68,24.29
17033,IL,Crawford,1,68,24.29
17035,IL,Cumberland,1,68,24.29
17045,IL,Edgar,1,68,24.29
17079,IL,Jasper,1,68,24.29
17101,IL,Lawrence,1,68,24.29
17159,IL,Richland,1,68,24.29
18027,IN,Daviess,1,68,24.29
18083,IN,Knox,1,68,24.29
18101,IN,Martin,1,68,24.29
20123,KS,Mitchell,2,67,23.93
27005,MN,Becker,1,66.6,23.79
27111,MN,Otter Tail,1,66.6,23.79
29053,MO,Cooper,1,66,23.57
17091,IL,Kankakee,1,65,23.21
18089,IN,Lake,1,65,23.21
18111,IN,Newton,1,65,23.21
55009,WI,Brown,1,64,22.86
55015,WI,Calumet,1,64,22.86
55071,WI,Manitowoc,1,64,22.86
55087,WI,Outagamie,1,64,22.86
55117,WI,Sheboygan,1,64,22.86
55135,WI,Waupaca,1,64,22.86
36029,NY,Erie,1,62,22.14
36037,NY,Genesee,1,62,22.14
36051,NY,Livingston,1,62,22.14
36055,NY,Monroe,1,62,22.14
36063,NY,Niagara,1,62,22.14
36073,NY,Orleans,1,62,22.14
36121,NY,Wyoming,1,62,22.14
08075,CO,Logan,1,60,21.43
08087,CO,Morgan,1,60,21.43
08125,CO,Yuma,1,60,21.43
16031,ID,Cassia,1,60,21.43
16053,ID,Jerome,1,60,21.43
16063,ID,Lincoln,1,60,21.43
16067,ID,Minidoka,1,60,21.43
16077,ID,Power,1,60,21.43
16083,ID,Twin Falls,1,60,21.43
26099,MI,Macomb,1,60,21.43
26125,MI,Oakland,1,60,21.43
26147,MI,St. Clair,1,60,21.43
31007,NE,Banner,1,60,21.43
31013,NE,Box Butte,1,60,21.43
31069,NE,Garden,1,60,21.43
31123,NE,Morrill,1,60,21.43
31157,NE,Scotts Bluff,1,60,21.43
55049,WI,Iowa,1,60,21.43
55065,WI,Lafayette,1,60,21.43
26005,MI,Allegan,1,59,21.07
26057,MI,Gratiot,1,59,21.07
26067,MI,Ionia,1,59,21.07
26081,MI,Kent,1,59,21.07
26117,MI,Montcalm,1,59,21.07
26139,MI,Ottawa,1,59,21.07
17005,IL,Bond,1,57,20.36
17013,IL,Calhoun,1,57,20.36
17027,IL,Clinton,1,57,20.36
17083,IL,Jersey,1,57,20.36
17119,IL,Madison,1,57,20.36
17133,IL,Monroe,1,57,20.36
17157,IL,Randolph,1,57,20.36
17163,IL,St. Clair,1,57,20.36
17189,IL,Washington,1,57,20.36
29099,MO,Jefferson,1,57,20.36
29183,MO,St. Charles,1,57,20.36
29186,MO,Ste. Genevieve,1,57,20.36
29189,MO,St. Louis,1,57,20.36
29510,MO,St. Louis,1,57,20.36
20087,KS,Jefferson,2,56,20
20103,KS,Leavenworth,2,56,20
20209,KS,Wyandotte,2,56,20
29049,MO,Clinton,2,56,20
29165,MO,Platte,2,56,20
06031,CA,Kings,1,55,19.64
06107,CA,Tulare,1,55,19.64
20007,KS,Barber,1,55,19.64
20033,KS,Comanche,1,55,19.64
20047,KS,Edwards,1,55,19.64
20051,KS,Ellis,1,55,19.64
20077,KS,Harper,1,55,19.64
20097,KS,Kiowa,1,55,19.64
20145,KS,Pawnee,1,55,19.64
20151,KS,Pratt,1,55,19.64
20165,KS,Rush,1,55,19.64
27169,MN,Winona,1,55,19.64
29001,MO,Adair,1,55,19.64
29103,MO,Knox,1,55,19.64
29111,MO,Lewis,1,55,19.64
29121,MO,Macon,1,55,19.64
29199,MO,Scotland,1,55,19.64
29211,MO,Sullivan,1,55,19.64
20045,KS,Douglas,2,54,19.29
31015,NE,Boyd,1,52.5,18.75
31017,NE,Brown,1,52.5,18.75
31089,NE,Holt,1,52.5,18.75
31103,NE,Keya Paha,1,52.5,18.75
31149,NE,Rock,1,52.5,18.75
20063,KS,Gove,1,52,18.57
20109,KS,Logan,1,52,18.57
20179,KS,Sheridan,1,52,18.57
20181,KS,Sherman,1,52,18.57
20193,KS,Thomas,1,52,18.57
55019,WI,Clark,1,52,18.57
55107,WI,Rusk,1,52,18.57
55119,WI,Taylor,1,52,18.57
48017,TX,Bailey,1,50.3,17.96
48079,TX,Cochran,1,50.3,17.96
48219,TX,Hockley,1,50.3,17.96
48305,TX,Lynn,1,50.3,17.96
48445,TX,Terry,1,50.3,17.96
48501,TX,Yoakum,1,50.3,17.96
20065,KS,Graham,1,50,17.86
20147,KS,Phillips,1,50,17.86
20183,KS,Smith,1,50,17.86
29063,MO,DeKalb,1,50,17.86
29075,MO,Gentry,1,50,17.86
31049,NE,Deuel,1,50,17.86
39005,OH,Ashland,1,50,17.86
39019,OH,Carroll,1,50,17.86
39031,OH,Coshocton,1,50,17.86
39059,OH,Guernsey,1,50,17.86
39067,OH,Harrison,1,50,17.86
39075,OH,Holmes,1,50,17.86
39089,OH,Licking,1,50,17.86
39115,OH,Morgan,1,50,17.86
39119,OH,Muskingum,1,50,17.86
39121,OH,Noble,1,50,17.86
39127,OH,Perry,1,50,17.86
39151,OH,Stark,1,50,17.86
39157,OH,Tuscarawas,1,50,17.86
39169,OH,Wayne,1,50,17.86
21033,KY,Caldwell,1,49,17.5
21035,KY,Calloway,1,49,17.5
21047,KY,Christian,1,49,17.5
21141,KY,Logan,1,49,17.5
21143,KY,Lyon,1,49,17.5
21157,KY,Marshall,1,49,17.5
21177,KY,Muhlenberg,1,49,17.5
21219,KY,Todd,1,49,17.5
21221,KY,Trigg,1,49,17.5
47021,TN,Cheatham,1,49,17.5
47083,TN,Houston,1,49,17.5
47125,TN,Montgomery,1,49,17.5
47147,TN,Robertson,1,49,17.5
47161,TN,Stewart,1,49,17.5
20001,KS,Allen,1,48,17.14
20003,KS,Anderson,1,48,17.14
20011,KS,Bourbon,1,48,17.14
20031,KS,Coffey,1,48,17.14
20059,KS,Franklin,1,48,17.14
20091,KS,Johnson,1,48,17.14
20107,KS,Linn,1,48,17.14
20121,KS,Miami,1,48,17.14
20139,KS,Osage,1,48,17.14
20207,KS,Woodson,1,48,17.14
27069,MN,Kittson,1,48,17.14
27089,MN,Marshall,1,48,17.14
27113,MN,Pennington,1,48,17.14
27119,MN,Polk,1,48,17.14
27125,MN,Red Lake,1,48,17.14
27135,MN,Roseau,1,48,17.14
29013,MO,Bates,1,48,17.14
08013,CO,Boulder,1,46,16.43
08014,CO,Broomfield,1,46,16.43
08069,CO,Larimer,1,46,16.43
08123,CO,Weld,1,46,16.43
41021,OR,Gilliam,1,40,14.29
41049,OR,Morrow,1,40,14.29
41059,OR,Umatilla,1,40,14.29
53005,WA,Benton,1,40,14.29
16009,ID,Benewah,1,36.7,13.11
16055,ID,Kootenai,1,36.7,13.11
53043,WA,Lincoln,1,36.7,13.11
53063,WA,Spokane,1,36.7,13.11
31005,NE,Arthur,1,28,10
31113,NE,Logan,1,28,10
31117,NE,McPherson,1,28,10
20131,KS,Nemaha,2,27,9.64
31097,NE,Johnson,1,21,7.5
31133,NE,Pawnee,1,21,7.5
20027,KS,Clay,1,12,4.29
20029,KS,Cloud,1,12,4.29
20089,KS,Jewell,1,12,4.29
20143,KS,Ottawa,1,12,4.29
20157,KS,Republic,1,12,4.29
20201,KS,Washington,1,12,4.29
20085,KS,Jackson,1,6,2.14
20177,KS,Shawnee,1,6,2.14
18019,IN,Clark,1,5.5,1.96
18025,IN,Crawford,1,5.5,1.96
18043,IN,Floyd,1,5.5,1.96
18061,IN,Harrison,1,5.5,1.96
18077,IN,Jefferson,1,5.5,1.96
18117,IN,Orange,1,5.5,1.96
18123,IN,Perry,1,5.5,1.96
18143,IN,Scott,1,5.5,1.96
18175,IN,Washington,1,5.5,1.96
21005,KY,Anderson,1,5.5,1.96
21027,KY,Breckinridge,1,5.5,1.96
21029,KY,Bullitt,1,5.5,1.96
21041,KY,Carroll,1,5.5,1.96
21073,KY,Franklin,1,5.5,1.96
21093,KY,Hardin,1,5.5,1.96
21103,KY,Henry,1,5.5,1.96
21111,KY,Jefferson,1,5.5,1.96
21123,KY,Larue,1,5.5,1.96
21163,KY,Meade,1,5.5,1.96
21179,KY,Nelson,1,5.5,1.96
21185,KY,Oldham,1,5.5,1.96
21211,KY,Shelby,1,5.5,1.96
21215,KY,Spencer,1,5.5,1.96
21223,KY,Trimble,1,5.5,1.96
21229,KY,Washington,1,5.5,1.96
37009,NC,Ashe,1,4,1.43
37011,NC,Avery,1,4,1.43
37121,NC,Mitchell,1,4,1.43
37189,NC,Watauga,1,4,1.43
37199,NC,Yancey,1,4,1.43
47019,TN,Carter,1,4,1.43
47059,TN,Greene,1,4,1.43
47073,TN,Hawkins,1,4,1.43
47091,TN,Johnson,1,4,1.43
47163,TN,Sullivan,1,4,1.43
47171,TN,Unicoi,1,4,1.43
47179,TN,Washington,1,4,1.43
51027,VA,Buchanan,1,4,1.43
51051,VA,Dickenson,1,4,1.43
51167,VA,Russell,1,4,1.43
51169,VA,Scott,1,4,1.43
51173,VA,Smyth,1,4,1.43
51191,VA,Washington,1,4,1.43
51195,VA,Wise,1,4,1.43
51520,VA,Bristol,1,4,1.43
51720,VA,Norton,1,4,1.43
06037,CA,Los Angeles,1,3,1.07
06059,CA,Orange,1,3,1.07
